Index,Name
1,Thủ tục cấp Giấy phép sản xuất rượu thủ công nhằm mục đích kinh doanh
2,"Thủ tục cấp sửa đổi, bổ sung Giấy phép sản xuất rượu thủ công nhằm mục đích kinh doanh"
3,Thủ tục cấp lại Giấy phép sản xuất rượu thủ công nhằm mục đích kinh doanh
4,Thủ tục cấp Giấy phép bán lẻ rượu
5,"Thủ tục cấp sửa đổi, bổ sung Giấy phép bán lẻ rượu"
6,Thủ tục cấp lại Giấy phép bán lẻ rượu
7,Thủ tục cấp Giấy phép bán lẻ sản phẩm thuốc lá
8,"Thủ tục cấp sửa đổi, bổ sung Giấy phép bán lẻ sản phẩm thuốc lá"
9,Thủ tục cấp lại Giấy phép bán lẻ sản phẩm thuốc lá
10,Thông báo về việc thực hiện hoạt động bán hàng không tại địa điểm giao dịch thường xuyên
11,Phê duyệt phương án cắm mốc chỉ giới xác định phạm vi bảo vệ đập thủy điện
12,"Thẩm định, phê duyệt phương án ứng phó thiên tai cho công trình vùng hạ du đập thủy điện thuộc thẩm quyền phê duyệt của Ủy ban nhân dân cấp huyện"
13,Thủ tục cấp Giấy chứng nhận đủ điều kiện cửa hàng bán lẻ LPG chai
14,Thủ tục cấp lại Giấy chứng nhận đủ điều kiện cửa hàng bán lẻ LPG chai
15,Cấp điều chỉnh Giấy chứng nhận đủ điều kiện cửa hàng bán lẻ LPG chai
16,Cấp Giấy chứng nhận sản phẩm công nghiệp nông thôn tiêu biểu cấp huyện
17,Giao tài sản kết cấu hạ tầng chợ do cấp huyện quản lý
18,Thu hồi tài sản kết cấu hạ tầng chợ
19,"Thủ tục đề nghị tổ chức đại hội của tổ chức tôn giáo, tổ chức tôn giáo trực thuộc, tổ chức được cấp chứng nhận đăng ký hoạt động tôn giáo có địa bàn hoạt động ở một xã"
20,"Thủ tục đề nghị tổ chức cuộc lễ ngoài cơ sở tôn giáo, địa điểm hợp pháp đã đăng ký có quy mô tổ chức ở một xã"
21,"Thủ tục đề nghị giảng đạo ngoài địa bàn phụ trách, cơ sở tôn giáo, địa điểm hợp pháp đã đăng ký có quy mô tổ chức ở một xã"
22,Thủ tục đăng ký hoạt động tín ngưỡng
23,Thủ tục đăng ký bổ sung hoạt động tín ngưỡng
24,Thủ tục đăng ký sinh hoạt tôn giáo tập trung
25,Thủ tục đăng ký thay đổi người đại diện của nhóm sinh hoạt tôn giáo tập trung
26,Thủ tục đề nghị thay đổi địa điểm sinh hoạt tôn giáo tập trung trong địa bàn một xã
27,Thủ tục đề nghị thay đổi địa điểm sinh hoạt tôn giáo tập trung đến địa bàn xã khác
28,Công nhận người có uy tín
29,"Đưa ra khỏi danh sách và thay thế, bổ sung người có uy tín"
30,"Chuyển đổi nhà trẻ, trường mẫu giáo, trường mầm non tư thục do nhà đầu tư trong nước đầu tư sang nhà trẻ, trường mẫu giáo, trường mầm non tư thục hoạt động không vì lợi nhuận"
31,"Thủ tục xét, cấp học bổng chính sách"
32,Thủ tục chuyển trường đối với học sinh tiểu học
33,Chuyển trường đối với học sinh trung học cơ sở
34,Tiếp nhận học sinh trung học cơ sở Việt Nam về nước
35,Tiếp nhận học sinh trung học cơ sở người nước ngoài
36,Tuyển sinh trung học cơ sở
37,"Thành lập hoặc cho phép thành lập trường mẫu giáo, trường mầm non, nhà trẻ"
38,"Cho phép trường mẫu giáo, trường mầm non, nhà trẻ hoạt động giáo dục"
39,"Sáp nhập, chia, tách trường mẫu giáo, trường mầm non, nhà trẻ"
40,"Cho phép trường mẫu giáo, trường mầm non, nhà trẻ hoạt động giáo dục trở lại"
41,"Giải thể trường mẫu giáo, trường mầm non, nhà trẻ (Theo đề nghị của tổ chức, cá nhân thành lập trường)"
42,Thành lập hoặc cho phép thành lập trường tiểu học
43,Cho phép trường tiểu học hoạt động giáo dục
44,"Sáp nhập, chia, tách trường tiểu học."
45,Cho phép trường tiểu học hoạt động giáo dục trở lại
46,"Giải thể trường tiểu học (theo đề nghị của tổ chức, cá nhân đề nghị thành lập trường tiểu học)"
47,"Thành lập hoặc cho phép thành lập trường trung học cơ sở, trường phổ thông có nhiều cấp học có cấp học cao nhất là trung học cơ sở"
48,"Cho phép trường trung học cơ sở, trường phổ thông có nhiều cấp học có cấp học cao nhất là trung học cơ sở hoạt động giáo dục"
49,"Sáp nhập, chia, tách trường trung học cơ sở, trường phổ thông có nhiều cấp học có cấp học cao nhất là trung học cơ sở"
50,"Cho phép trường trung học cơ sở, trường phổ thông có nhiều cấp học có cấp học cao nhất là trung học cơ sở hoạt động giáo dục trở lại"
51,"Giải thể trường trung học cơ sở, trường phổ thông có nhiều cấp học có cấp học cao nhất là trung học cơ sở (Theo đề nghị của cá nhân, tổ chức thành lập trường)"
52,"Chuyển đổi trường tiểu học tư thục, trường trung học cơ sở tư thục và trường phổ thông tư thục có nhiều cấp học có cấp học cao nhất là trung học cơ sở do nhà đầu tư trong nước đầu tư sang trường phổ thông tư thục hoạt động không vì lợi nhuận"
53,Thành lập hoặc cho phép thành lập cơ sở giáo dục mầm non độc lập
54,Cho phép cơ sở giáo dục mầm non độc lập hoạt động giáo dục trở lại
55,"Sáp nhập, chia, tách cơ sở giáo dục mầm non độc lập"
56,Cho phép cơ sở giáo dục khác thực hiện chương trình giáo dục phổ thông cấp tiểu học
57,"Hỗ trợ đối với giáo viên mầm non làm việc tại cơ sở giáo dục mầm non dân lập, tư thục ở địa bàn có khu công nghiệp"
58,Hỗ trợ ăn trưa đối với trẻ em mẫu giáo
59,"Trợ cấp đối với trẻ em mầm non là con công nhân, người lao động làm việc tại khu công nghiệp"
60,"Xét duyệt học sinh bán trú, học viên bán trú hỗ trợ kinh phí, hỗ trợ gạo"
61,"Xét duyệt trẻ em nhà trẻ bán trú hỗ trợ kinh phí, hỗ trợ gạo"
62,Thành lập hoặc cho phép thành lập trung tâm học tập cộng đồng
63,Cho phép trung tâm học tập cộng đồng hoạt động trở lại
64,"Sáp nhập, chia, tách trung tâm học tập cộng đồng"
65,"Giải thể trung tâm học tập cộng đồng (Theo đề nghị của tổ chức, cá nhân thành lập trung tâm)"
66,"Thành lập lớp dành cho người khuyết tật trong trường mầm non, trường tiểu học, trường trung học cơ sở và trung tâm giáo dục thường xuyên, trung tâm giáo dục nghề nghiệp - giáo dục thường xuyên thực hiện các chương trình xóa mù chữ và chương trình giáo dục thường xuyên cấp trung học cơ sở"
67,"Giải thể cơ sở giáo dục mầm non độc lập (theo đề nghị của tổ chức, cá nhân thành lập trường)"
68,"Cấp bản sao văn bằng, chứng chỉ từ sổ gốc"
69,"Thủ tục chỉnh sửa nội dung văn bằng, chứng chỉ"
70,Chuyển đổi cơ sở giáo dục mầm non bán công sang cơ sở giáo dục mầm non dân lập
71,Chuyển đổi cơ sở giáo dục mầm non bán công sang cơ sở giáo dục mầm non công lập
72,"Hỗ trợ học tập đối với trẻ mẫu giáo, học sinh tiểu học, học sinh trung học cơ sở, sinh viên các dân tộc thiểu số rất ít người"
73,"Cấp chính sách nội trú cho học sinh, sinh viên tham gia chương trình đào tạo trình độ cao đẳng, trung cấp tại các cơ sở giáo dục nghề nghiệp tư thục hoặc cơ sở giáo dục có vốn đầu tư nước ngoài"
74,"Cấp chính sách nội trú cho học sinh, sinh viên tham gia chương trình đào tạo trình độ cao đẳng, trung cấp tại các cơ sở giáo dục nghề nghiệp công lập trực thuộc cấp xã"
75,Giải quyết tranh chấp đất đai thuộc thẩm quyền của Chủ tịch Ủy ban nhân dân cấp xã
76,"Đăng ký đất đai, tài sản gắn liền với đất, cấp Giấy chứng nhận quyền sử dụng đất, quyền sở hữu tài sản gắn liền với đất lần đầu đối với tổ chức đang sử dụng đất"
77,"Giao đất, cho thuê đất, chuyển mục đích sử dụng đất đối với trường hợp giao đất, cho thuê đất không đấu giá quyền sử dụng đất, không đấu thầu lựa chọn nhà đầu tư thực hiện dự án có sử dụng đất; trường hợp giao đất, cho thuê đất thông qua đấu thầu lựa chọn nhà đầu tư thực hiện dự án có sử dụng đất; giao đất và giao rừng; cho thuê đất và cho thuê rừng, gia hạn sử dụng đất khi hết thời hạn sử dụng đất"
78,"Chuyển hình thức giao đất, cho thuê đất"
79,"Điều chỉnh quyết định giao đất, cho thuê đất, cho phép chuyển mục đích sử dụng đất do thay đổi căn cứ quyết định giao đất, cho thuê đất, cho phép chuyển mục đích sử dụng đất; điều chỉnh thời hạn sử dụng đất của dự án đầu tư"
80,"Điều chỉnh quyết định giao đất, cho thuê đất, cho phép chuyển mục đích sử dụng đất do sai sót về ranh giới, vị trí, diện tích, mục đích sử dụng giữa bản đồ quy hoạch, bản đồ địa chính, quyết định giao đất, cho thuê đất, cho phép chuyển mục đích sử dụng đất và số liệu bàn giao đất trên thực địa"
81,"Đăng ký đất đai, tài sản gắn liền với đất, cấp Giấy chứng nhận quyền sử dụng đất, quyền sở hữu tài sản gắn liền với đất lần đầu đối với hộ gia đình, cá nhân, cộng đồng dân cư, người gốc Việt Nam định cư ở nước ngoài"
82,"Xác định lại diện tích đất ở của hộ gia đình, cá nhân đã được cấp Giấy chứng nhận trước ngày 01 tháng 7 năm 2004"
83,Đính chính Giấy chứng nhận đã cấp lần đầu có sai sót
84,"Thu hồi Giấy chứng nhận đã cấp không đúng quy định của pháp luật đất đai do người sử dụng đất, chủ sở hữu tài sản gắn liền với đất phát hiện và cấp lại Giấy chứng nhận sau khi thu hồi"
85,"Sử dụng đất kết hợp đa mục đích, gia hạn phương án sử dụng đất kết hợp đa mục đích"
86,Hòa giải tranh chấp đất đai thuộc thẩm quyền cấp xã
87,"Giao đất ở có thu tiền sử dụng đất không thông qua đấu giá, không đấu thầu lựa chọn nhà đầu tư thực hiện dự án có sử dụng đất đối với cá nhân là cán bộ, công chức, viên chức, sĩ quan tại ngũ, quân nhân chuyên nghiệp, công chức quốc phòng, công nhân và viên chức quốc phòng, sĩ quan, hạ sĩ quan, công nhân công an, người làm công tác cơ yếu và người làm công tác khác trong tổ chức cơ yếu hưởng lương từ ngân sách nhà nước mà chưa được giao đất ở, nhà ở; giáo viên, nhân viên y tế đang công tác tại các xã biên giới, hải đảo thuộc vùng có điều kiện kinh tế - xã hội khó khăn, vùng có điều kiện kinh tế - xã hội đặc biệt khó khăn nhưng chưa có đất ở, nhà ở tại nơi công tác hoặc chưa được hưởng chính sách hỗ trợ về nhà ở theo quy định của pháp luật về nhà ở; cá nhân thường trú tại xã mà không có đất ở và chưa được Nhà nước giao đất ở hoặc chưa được hưởng chính sách hỗ trợ về nhà ở theo quy định của pháp luật về nhà ở"
88,Tặng cho quyền sử dụng đất cho Nhà nước hoặc cộng đồng dân cư hoặc mở rộng đường giao thông đối với trường hợp thửa đất chưa được cấp Giấy chứng nhận.
89,Hỗ trợ dự án liên kết (cấp huyện)
90,"Chuyển đổi cơ cấu cây trồng, vật nuôi trên đất trồng lúa"
91,"Công nhận hộ nghèo, hộ cận nghèo; hộ thoát nghèo, hộ thoát cận nghèo định kỳ hằng năm"
92,"Công nhận hộ nghèo, hộ cận nghèo thường xuyên hằng năm"
93,"Công nhận hộ thoát nghèo, hộ thoát cận nghèo thường xuyên hằng năm"
94,"Công nhận hộ làm nông nghiệp, lâm nghiệp, ngư nghiệp và diêm nghiệp có mức sống trung bình"
95,"Hỗ trợ chi phí về vật tư phối giống nhân tạo gia súc gồm tinh đông lạnh, Nitơ lỏng, găng tay và dụng cụ dẫn tinh để phối giống cho trâu, bò cái; chi phí về liều tinh để thực hiện phối giống cho lợn nái, công cho người làm dịch vụ phối giống nhân tạo gia súc (trâu, bò)"
96,"Phê duyệt hỗ trợ kinh phí đào tạo, tập huấn để chuyển đổi từ chăn nuôi sang các nghề khác; chi phí cho cá nhân được đào tạo về kỹ thuật phối giống nhân tạo gia súc (trâu, bò); chi phí mua bình chứa Nitơ lỏng bảo quản tinh cho người làm dịch vụ phối giống nhân tạo gia súc (trâu, bò) đối với các chính sách sử dụng vốn sự nghiệp nguồn ngân sách nhà nước"
97,Hỗ trợ cơ sở sản xuất bị thiệt hại do dịch bệnh động vật (cơ sở sản xuất không thuộc lực lượng vũ trang nhân dân)
98,Công nhận và giao quyền quản lý cho tổ chức cộng đồng (thuộc địa bàn quản lý)
99,"Sửa đổi, bổ sung nội dung quyết định công nhận và giao quyền quản lý cho tổ chức cộng đồng (thuộc địa bàn quản lý)"
100,Công bố mở cảng cá loại III
101,"Đăng ký khai thác, sử dụng nước dưới đất"
102,Giao khu vực biển cho cá nhân Việt Nam để nuôi trồng thủy sản
103,Gia hạn thời hạn giao khu vực biển cho cá nhân Việt Nam để nuôi trồng thủy sản
104,Trả lại khu vực biển cho cá nhân Việt Nam để nuôi trồng thủy sản
105,"Sửa đổi, bổ sung Quyết định giao khu vực biển cho cá nhân Việt Nam để nuôi trồng thủy sản"
106,Công nhận khu vực biển cho cá nhân Việt Nam để nuôi trồng thủy sản
107,Quyết định chuyển mục đích sử dụng rừng sang mục đích khác đối với cá nhân
108,"Phê duyệt hoặc điều chỉnh phương án quản lý rừng bền vững của chủ rừng là hộ gia đình, cá nhân, cộng đồng dân cư hoặc hộ gia đình cá nhân liên kết thành nhóm hộ, tổ hợp tác trường hợp có tổ chức các hoạt động du lịch sinh thái"
109,"Thẩm định thiết kế, dự toán hoặc thẩm định điều chỉnh thiết kế, dự toán công trình lâm sinh sử dụng vốn đầu tư công đối với các dự án do Chủ tịch Uỷ ban nhân dân cấp huyện, cấp xã quyết định đầu tư"
110,"Lập biên bản kiểm tra hiện trường xác định nguyên nhân, mức độ thiệt hại rừng trồng"
111,"Hỗ trợ tín dụng đầu tư trồng rừng gỗ lớn đối với chủ rừng là hộ gia đình, cá nhân"
112,"Quyết định thu hồi rừng đối với hộ gia đình, cá nhân và cộng đồng dân cư tự nguyện trả lại rừng"
113,Phê duyệt Phương án khai thác thực vật rừng loài thông thường thuộc thẩm quyền giải quyết của Ủy ban nhân dân cấp xã
114,Tham vấn trong đánh giá tác động môi trường
115,Xác nhận Hợp đồng tiếp cận nguồn gen và chia sẻ lợi ích (cấp xã)
116,"Hỗ trợ khám chữa bệnh, trợ cấp tai nạn cho lực lượng xung kích phòng chống thiên tai cấp xã trong trường hợp chưa tham gia bảo hiểm y tế, bảo hiểm xã hội"
117,"Trợ cấp tiền tuất, tai nạn (đối với trường hợp tai nạn suy giảm khả năng lao động từ 5% trở lên) cho lực lượng xung kích phòng chống thiên tai cấp xã chưa tham gia bảo hiểm xã hội"
118,"Phê duyệt phương án bảo vệ đập, hồ chứa nước trên địa bàn do Ủy ban nhân dân cấp tỉnh phân cấp"
119,"Phê duyệt, công bố công khai quy trình vận hành hồ chứa nước thuộc thẩm quyền của Chủ tịch UBND cấp xã"
120,"Phê duyệt, công bố công khai quy trình vận hành đối với công trình thủy lợi lớn và công trình thủy lợi vừa do UBND cấp tỉnh phân cấp"
121,"Phê duyệt đề cương, kết quả kiểm định an toàn đập, hồ chứa thủy lợi thuộc thẩm quyền của Chủ tịch UBND cấp xã"
122,"Hỗ trợ đầu tư xây dựng phát triển thủy lợi nhỏ, thuỷ lợi nội đồng và tưới tiên tiến, tiết kiệm nước (Đối với nguồn vốn hỗ trợ trực tiếp, ngân sách địa phương và nguồn vốn hợp pháp khác của địa phương phân bổ dự toán cho UBND cấp xã thực hiện)"
123,"Thẩm định, phê duyệt phương án ứng phó thiên tai cho công trình, vùng hạ du đập trong quá trình thi công thuộc thẩm quyền của UBND cấp xã"
124,"Thẩm định, phê duyệt phương án ứng phó với tình huống khẩn cấp thuộc thẩm quyền của UBND cấp xã"
125,Phê duyệt kế hoạch khuyến nông địa phương (cấp xã)
126,"Tổ chức phát động học tập tấm gương trong phạm vi cả nước đối với trường hợp hy sinh, bị thương quy định tại điểm k khoản 1 Điều 14 và điểm k khoản 1 Điều 23 Pháp lệnh."
127,"Cấp Bằng ""Tổ quốc ghi công"" đối với người hy sinh thuộc các trường hợp quy định tại Điều 14 Pháp lệnh nhưng chưa được cấp Bằng ""Tổ quốc ghi công"" mà thân nhân đã được giải quyết chế độ ưu đãi từ ngày 01 tháng 01 năm 1995 đến ngày 30 tháng 9 năm 2006."
128,"Cấp Bằng ""Tổ quốc ghi công"" đối với người hy sinh nhưng chưa được cấp Bằng Tổ quốc ghi công"" mà thân nhân đã được giải quyết chế độ ưu đãi từ ngày 31 tháng 12 năm 1994 trở về trước."
129,Đăng ký nội quy lao động của doanh nghiệp.
130,"Cấp Bằng ""Tổ quốc ghi công"""
131,"Giải quyết chế độ đối với quân nhân, cán bộ đi chiến trường B.C.K trong thời kỳ chống Mỹ cứu nước không có thân nhân phải trực tiếp nuôi dưỡng và quân nhân, cán bộ được đảng cử ở lại miền Nam hoạt động sau Hiệp định Giơnevơ năm 1954 đối với cán bộ, sỹ quan thuộc lực lượng vũ trang (công an, quân đội)"
132,"Giải quyết chế độ đối với quân nhân, cán bộ đi chiến trường B.C.K trong thời kỳ chống Mỹ cứu nước không có thân nhân phải trực tiếp nuôi dưỡng và quân nhân, cán bộ được đảng cử ở lại miền Nam hoạt động sau Hiệp định Giơnevơ năm 1954 đối với cán bộ dân, chính, đảng thuộc diện Trung ương quản lý."
133,Xác nhận và giải quyết chế độ ưu đãi người có công với cách mạng và thân nhân.
134,"Giải quyết chế độ đối với quân nhân, cán bộ đi chiến trường B,C, K trong thời kỳ chống Mỹ cứu nước không có thân nhân phải trực tiếp nuôi dưỡng và quân nhân, cán bộ được đảng cử ở lại miền Nam hoạt động sau Hiệp định Giơnevơ năm 1954 đối với cán bộ dân, chính, đảng."
135,Thăm viếng mộ liệt sĩ
136,"Tiếp nhận người có công vào cơ sở nuôi dưỡng, điều dưỡng người có công do Bộ Nội vụ quản lý."
137,"Cấp tiền mua phương tiện trợ giúp, dụng cụ chỉnh hình, phương tiện, thiết bị phục hồi chức năng đối với trường hợp đang sống tại gia đình hoặc đang được nuôi dưỡng tập trung tại các cơ sở nuôi dưỡng, điều dưỡng do địa phương quản lý."
138,"Giải quyết chế độ trợ cấp một lần đối với người được cử làm chuyên gia sang giúp Lào, Căm-pu-chi-a"
139,Đăng ký hợp đồng lao động trực tiếp giao kết
140,"Vay vốn hỗ trợ tạo việc làm, duy trì và mở rộng việc làm từ Quỹ quốc gia về việc làm đối với người lao động"
141,"Vay vốn hỗ trợ tạo việc làm, duy trì và mở rộng việc làm từ Quỹ quốc gia về việc làm đối với cơ sở sản xuất, kinh doanh."
142,"Thủ tục tặng, truy tặng ""Huy chương Thanh niên xung phong vẻ vang"" cho cá nhân theo công trạng."
143,"Xét tặng danh hiệu vinh dự Nhà nước ""Bà mẹ Việt Nam anh hùng"""
144,"Truy tặng danh hiệu vinh dự Nhà nước ""Bà mẹ Việt Nam anh hùng"""
145,Thủ tục công nhận ban vận động thành lập hội.
146,Thủ tục thành lập hội.
147,"Thủ tục báo cáo tổ chức đại hội thành lập, đại hội nhiệm kỳ, đại hội bất thường của hội"
148,"Thủ tục thông báo kết quả đại hội và phê duyệt đổi tên hội, phê duyệt điều lệ hội"
149,"Thủ tục chia, tách; sát nhập; hợp nhất hội."
150,Thủ tục hội tự giải thể.
151,Thủ tục cho phép của Bộ Nội vụ hội hoạt động trở lại sau khi bị đình chỉ có thời hạn
152,Thủ tục hỗ trợ chi phí y tế và thu nhập thực tế bị mất hoặc giảm sút cho người đang trực tiếp tham gia hoạt động chữ thập đỏ bị tai nạn dẫn đến thiệt hại về sức khỏe
153,Thủ tục cấp giấy phép thành lập và công nhận điều lệ quỹ
154,"Thủ tục công nhận quỹ đủ điều kiện hoạt động và công nhận thành viên Hội đồng quản lý quỹ; công nhận thay đổi, bổ sung thành viên Hội đồng quản lý quỹ."
155,"Thủ tục công nhận điều lệ (sửa đổi, bổ sung) quỹ; đổi tên quỹ"
156,Thủ tục cấp lại giấy phép thành lập và công nhận điều lệ quỹ
157,Thủ tục cho phép quỹ hoạt động trở lại sau khi bị tạm đình chỉ hoạt động
158,"Thủ tục hợp nhất, sáp nhập, chia, tách quỹ"
159,Thủ tục quỹ tự giải thể
160,"Cấp đổi Bằng ""Tổ quốc ghi công"""
161,"Cấp lại Bằng ""Tổ quốc ghi công"""
162,"Cấp Bằng ""Tổ quốc ghi công"" đối với người hy sinh hoặc mất tích trong chiến tranh"
163,Công nhận và giải quyết chế độ ưu đãi người hoạt động cách mạng.
164,"Công nhận đối với người bị thương trong chiến tranh không thuộc quân đội, công an."
165,"Tiếp nhận người có công vào cơ sở nuôi dưỡng, điều dưỡng người có công do tỉnh quản lý."
166,Cấp bổ sung hoặc cấp lại giấy chứng nhận người có công do ngành Lao động - Thương binh và Xã hội quản lý và giấy chứng nhận thân nhân liệt sĩ.
167,Công nhận và giải quyết chế độ ưu đãi người hoạt động cách mạng.
168,Công nhận và giải quyết chế độ con đẻ của người hoạt động kháng chiến bị nhiễm chất độc hóa học.
169,"Công nhận và giải quyết chế độ người hoạt động cách mạng, kháng chiến, bảo vệ tổ quốc, làm nghĩa vụ quốc tế bị địch bắt tù, đày."
170,Cấp giấy xác nhận thân nhân của người có công.
171,Giải quyết chế độ trợ cấp thờ cúng liệt sĩ.
172,"Giải quyết chế độ ưu đãi đối với trường hợp tặng hoặc truy tặng danh hiệu vinh dự nhà nước ""Bà mẹ Việt Nam anh hùng""."
173,"Giải quyết chế độ ưu đãi đối với Anh hùng lực lượng vũ trang nhân dân, Anh hùng lao động trong thời kỳ kháng chiến hiện không công tác trong quân đội, công an."
174,Giải quyết chế độ người có công giúp đỡ cách mạng.
175,Bổ sung tình hình thân nhân trong hồ sơ liệt sĩ.
176,Giải quyết chế độ hỗ trợ để theo học đến trình độ đại học tại các cơ sở giáo dục thuộc hệ thống giáo dục quốc dân.
177,Công nhận và giải quyết chế độ ưu đãi người hoạt động kháng chiến bị nhiễm chất độc hóa học.
178,Hưởng trợ cấp khi người có công đang hưởng trợ cấp ưu đãi từ trần.
179,"Giải quyết chế độ người hoạt động kháng chiến giải phóng dân tộc, bảo vệ tổ quốc và làm nghĩa vụ quốc tế."
180,"Giải quyết trợ cấp một lần đối với người có thành tích tham gia kháng chiến đã được tặng Bằng khen của Thủ tướng Chính phủ, Bằng khen của Chủ tịch Hội đồng Bộ trưởng hoặc Bằng khen của Bộ trưởng, Thủ trưởng cơ quan gang bộ, Thủ trưởng cơ quan thuộc Chính phủ, Bằng khen của Chủ tịch Ủy ban nhân dân tỉnh, thành phố trực thuộc Trung ương."
181,Trợ cấp một lần đối với thanh niên xung phong đã hoàn thành nhiệm vụ trong kháng chiến.
182,Trợ cấp hàng tháng đối với thanh niên xung phong đã hoàn thành nhiệm vụ trong kháng chiến.
183,Giải quyết chế độ mai táng phí đối với cựu chiến binh.
184,Giải quyết chế độ mai táng phí đối với thanh niên xung phong thời kỳ chống Pháp.
185,"Thủ tục giải quyết chế độ trợ cấp một lần đối với công nhân viên chức nhà nước, chuyên gia các ngành; cán bộ xã, phường, thị trấn; công an xã; thanh niên xung phong trực tiếp tham gia chiến tranh bảo vệ Tổ quốc và làm nhiệm vụ quốc tế sau ngày 30/4/1975, đã thôi việc, đã về gia đình (đối tượng còn sống) thuộc thẩm quyền giải quyết của Chủ tịch Ủy ban nhân dân tỉnh."
186,"Thủ tục giải quyết chế độ trợ cấp một lần đối với công nhân viên chức nhà nước, chuyên gia các ngành; cán bộ xã, phường, thị trấn; công an xã; thanh niên xung phong trực tiếp tham gia chiến tranh bảo vệ Tổ quốc và làm nhiệm vụ quốc tế sau ngày 30/4/1975 đã thôi việc, đã về gia đình (đối với đối tượng đã từ trần) thuộc thẩm quyền giải quyết của Chủ tịch Ủy ban nhân dân tỉnh."
187,"Đề nghị thay đổi tên tổ hợp tác, hợp tác xã, liên hiệp hợp tác xã, chi nhánh, văn phòng đại diện, địa điểm kinh doanh của hợp tác xã, liên hiệp hợp tác xã do xâm phạm quyền sở hữu công nghiệp"
188,"Đề nghị thu hồi Giấy chứng nhận đăng ký tổ hợp tác, Giấy chứng nhận đăng ký hợp tác xã, Giấy chứng nhận đăng ký chi nhánh, văn phòng đại diện đối với trường hợp nội dung kê khai trong hồ sơ đăng ký thành lập là giả mạo"
189,"Đăng ký thành lập tổ hợp tác; đăng ký tổ hợp tác trong trường hợp đã được thành lập trước ngày Luật Hợp tác xã có hiệu lực thi hành, thuộc đối tượng phải đăng ký theo quy định tại khoản 2 Điều 107 Luật Hợp tác xã 2023"
190,"Cấp lại Giấy chứng nhận đăng ký tổ hợp tác do bị mất, cháy, rách, nát hoặc bị tiêu hủy"
191,Đăng ký thay đổi nội dung đăng ký tổ hợp tác
192,"Hiệu đính, cập nhật, bổ sung thông tin đăng ký tổ hợp tác"
193,"Thông báo tạm ngừng kinh doanh, tiếp tục kinh doanh trở lại đối với tổ hợp tác"
194,Chấm dứt hoạt động tổ hợp tác
195,"Dừng thực hiện thủ tục đăng ký hợp tác xã, liên hiệp hợp tác xã"
196,Dừng thực hiện thủ tục đăng ký tổ hợp tác
197,"Dừng thực hiện thủ tục giải thể hợp tác xã, liên hiệp hợp tác xã"
198,"Thông báo lập chi nhánh, văn phòng đại diện ở nước ngoài"
199,"Hiệu đính, cập nhật, bổ sung thông tin đăng ký hợp tác xã, liên hiệp hợp tác xã"
200,"Thông báo bổ sung, cập nhật thông tin trong hồ sơ đăng ký hợp tác xã, liên hiệp hợp tác xã"
201,"Hiệu đính, cập nhật, bổ sung thông tin đăng ký chi nhánh, văn phòng đại diện, địa điểm kinh doanh của hợp tác xã, liên hiệp hợp tác xã"
202,"Đăng ký thành lập hợp tác xã, liên hiệp hợp tác xã; đăng ký chuyển đổi tổ hợp tác thành hợp tác xã; đăng ký khi hợp tác xã, liên hiệp hợp tác xã chia, tách, hợp nhất"
203,"Đăng ký hoạt động chi nhánh, văn phòng đại diện, thông báo địa điểm kinh doanh"
204,"Đăng ký thay đổi nội dung đăng ký hợp tác xã, liên hiệp hợp tác xã; Đăng ký thay đổi nội dung đối với trường hợp hợp tác xã, liên hiệp hợp tác xã bị tách, nhận sáp nhập"
205,"Cấp đổi Giấy chứng nhận đăng ký hợp tác xã, liên hiệp hợp tác xã"
206,"Thông báo thay đổi nội dung đăng ký hợp tác xã, liên hiệp hợp tác xã; Thông báo thay đổi nội dung đăng ký đối với hợp tác xã, liên hiệp hợp tác xã bị tách, nhận sáp nhập"
207,"Thông báo về việc thành lập doanh nghiệp của hợp tác xã, liên hiệp hợp tác xã"
208,"Đăng ký thay đổi nội dung đăng ký hoạt động của chi nhánh, văn phòng đại diện, địa điểm kinh doanh của hợp tác xã, liên hiệp hợp tác xã;"
209,"Thông báo tạm ngừng kinh doanh/ tiếp tục kinh doanh trở lại đối với hợp tác xã, liên hiệp hợp tác xã, chi nhánh, văn phòng đại diện, địa điểm kinh doanh"
210,"Cấp lại Giấy chứng nhận đăng ký hợp tác xã, Giấy chứng nhận đăng ký hoạt động chi nhánh, văn phòng đại diện, Giấy chứng nhận đăng ký địa điểm kinh doanh của hợp tác xã, liên hiệp hợp tác xã"
211,"Đăng ký giải thể hợp tác xã, liên hiệp hợp tác xã"
212,"Chấm dứt hoạt động chi nhánh, văn phòng đại diện, địa điểm kinh doanh của hợp tác xã, liên hiệp hợp tác xã"
213,Đăng ký thành lập hộ kinh doanh
214,Đăng ký thay đổi nội dung đăng ký hộ kinh doanh
215,"Tạm ngừng kinh doanh, tiếp tục kinh doanh trước thời hạn đã thông báo của hộ kinh doanh"
216,Chấm dứt hoạt động hộ kinh doanh
217,Cấp lại Giấy chứng nhận đăng ký hộ kinh doanh
218,Thông báo thành lập/thay đổi tổ hợp tác
219,Thông báo chấm dứt hoạt động của Tổ hợp tác
220,"Đăng ký nhu cầu hỗ trợ của tổ hợp tác, hợp tác xã, liên hiệp hợp tác xã"
221,Phê duyệt đối tượng được hỗ trợ phí bảo hiểm nông nghiệp
222,Quyết định xác lập quyền sở hữu toàn dân đối với tài sản là di sản không có người thừa kế
223,Giao tài sản kết cấu hạ tầng thủy lợi
224,"Thanh lý tài sản kết cấu hạ tầng thủy lợi; xử lý tài sản kết cấu hạ tầng thủy lợi trong trường hợp bị mất, hủy hoại"
225,"Kê khai, thẩm định tờ khai phí bảo vệ môi trường đối với nước thải"
226,"Thủ tục khai, nộp phí bảo vệ môi trường đối với khí thải"
227,"Khấu trừ kinh phí bồi thường, hỗ trợ, tái định cư"
228,"Cấp bản sao trích lục hộ tịch , bản sao giấy khai sinh"
229,Thủ tục xác nhận thông tin hộ tịch
230,Thủ tục Đăng ký khai sinh có yếu tố nước ngoài.
231,Thủ tục Đăng ký kết hôn có yếu tố nước ngoài
232,Thủ tục Đăng ký khai tử có yếu tố nước ngoài
233,"Thủ tục Đăng ký nhận cha, mẹ, con có yếu tố nước ngoài"
234,"Thủ tục Đăng ký khai sinh kết hợp đăng ký nhận cha, mẹ, con có yếu tố nước ngoài."
235,Thủ tục Đăng ký giám hộ có yếu tố nước ngoài
236,Thủ tục Đăng ký chấm dứt giám hộ có yếu tố nước ngoài
237,"Thủ tục Thay đổi, cải chính, bổ sung thông tin hộ tịch, xác định lại dân tộc"
238,Thủ tục Ghi vào sổ hộ tịch việc kết hôn của công dân Việt Nam đã được giải quyết tại cơ quan có thẩm quyền của nước ngoài.
239,"Thủ tục Ghi vào sổ hộ tịch việc ly hôn, hủy việc kết hôn của công dân Việt Nam đã được giải quyết tại cơ quan có thẩm quyền của nước ngoài"
240,Thủ tục Đăng ký lại khai sinh có yếu tố nước ngoài
241,"Thủ tục Đăng ký khai sinh có yếu tố nước ngoài cho người đã có hồ sơ, giấy tờ cá nhân"
242,Thủ tục Đăng ký lại kết hôn có yếu tố nước ngoài
243,Thủ tục Đăng ký lại khai tử có yếu tố nước ngoài
244,"Thủ tục Ghi vào sổ hộ tịch việc hộ tịch khác của công dân Việt Nam đã được giải quyết tại cơ quan có thẩm quyền của nước ngoài (khai sinh; giám hộ; nhận cha, mẹ, con; xác định cha, mẹ, con; khai tử; thay đổi hộ tịch)"
245,Thủ tục Đăng ký khai sinh.
246,Thủ tục Đăng ký khai tử
247,Thủ tục Đăng ký kết hôn
248,"Thủ tục Đăng ký nhận cha, mẹ, con"
249,"Thủ tục Đăng ký khai sinh kết hợp đăng ký nhận cha, mẹ, con"
250,Thủ tục Đăng ký lại khai sinh
251,Thủ tục Đăng ký lại khai tử
252,Thủ tục Đăng ký lại kết hôn
253,Thủ tục Đăng ký khai sinh lưu động
254,Thủ tục Đăng ký khai tử lưu động
255,Thủ tục Đăng ký kết hôn lưu động
256,"Thủ tục Đăng ký khai sinh cho người đã có hồ sơ, giấy tờ cá nhân"
257,Thủ tục Đăng ký giám hộ
258,Thủ tục Đăng ký chấm dứt giám hộ
259,Thủ tục Đăng ký giám sát việc giám hộ
260,Thủ tục Đăng ký chấm dứt giám sát việc giám hộ
261,"Thay đổi, cải chính, bổ sung thông tin hộ tịch, xác định hộ tịch"
262,Thủ tục Cấp giấy xác nhận tình trạng hôn nhân
263,Thủ tục Đăng ký khai sinh cho trẻ em sinh ra do mang thai hộ
264,Ghi vào Sổ đăng ký nuôi con nuôi việc nuôi con nuôi đã được giải quyết tại cơ quan có thẩm quyền của nước ngoài
265,Đăng ký việc nuôi con nuôi trong nước
266,Đăng ký lại việc nuôi con nuôi trong nước
267,Thủ tục Giải quyết yêu cầu bồi thường tại cơ quan trực tiếp quản lý người thi hành công vụ gây thiệt hại
268,Thủ tục Bầu hòa giải viên
269,Thủ tục Thôi làm hòa giải viên
270,Thủ tục Bầu Tổ trưởng Tổ hòa giải
271,Thủ tục Thanh toán thù lao cho hòa giải viên
272,"Thủ tục thực hiện hỗ trợ khi hòa giải viên gặp tai nạn hoặc rủi ro ảnh hưởng đến sức khỏe, tính mạng trong khi thực hiện hoạt động hòa giải"
273,Chứng thực chữ ký người dịch mà người dịch không phải là cộng tác viên dịch thuật của Ủy ban nhân dân cấp xã
274,Thủ tục chứng thực chữ ký người dịch mà người dịch là cộng tác viên dịch thuật của Ủy ban nhân dân cấp xã
275,Chứng thực di chúc
276,Thủ tục chứng thực văn bản từ chối nhận di sản
277,Cấp bản sao từ sổ gốc
278,"Chứng thực bản sao từ bản chính giấy tờ, văn bản do cơ quan, tổ chức có thẩm quyền ở Việt Nam; cơ quan, tổ chức có thẩm quyền của nước ngoài; cơ quan, tổ chức có thẩm quyền của Việt Nam liên kết với cơ quan, tổ chức có thẩm quyền của nước ngoài cấp hoặc chứng nhận"
279,"Chứng thực chữ ký trong các giấy tờ, văn bản (áp dụng cho cả trường hợp chứng thực điểm chỉ và trường hợp người yêu cầu chứng thực không thể ký, không thể điểm chỉ được)"
280,"Chứng thực việc sửa đổi, bổ sung, hủy bỏ hợp đồng, giao dịch"
281,"Sửa lỗi sai sót trong hợp đồng, giao dịch"
282,"Cấp bản sao có chứng thực từ bản chính hợp đồng, giao dịch đã được chứng thực"
283,"Chứng thực văn bản thỏa thuận phân chia di sản mà di sản là động sản, quyền sử dụng đất, nhà ở"
284,"Chứng thực văn bản khai nhận di sản mà di sản là động sản, quyền sử dụng đất, nhà ở"
285,Thủ tục thông báo tổ chức lễ hội cấp xã
286,Thủ tục tiếp nhận hồ sơ đăng ký lễ hội quy mô cấp xã
287,thủ tục công nhận câu lạc bộ thể thao cơ sở (thẩm quyền CT UBND cấp xã)
288,Cấm tiếp xúc theo Quyết định của Chủ tịch Ủy ban nhân dân cấp xã (Chủ tịch Ủy ban nhân dân cấp huyện đối với địa phương không tổ chức chính quyền cấp xã)
289,Thủ tục Hủy bỏ Quyết định cấm tiếp xúc
290,Cấp giấy chứng nhận đủ điều kiện hoạt động điểm cung cấp dịch vụ trò chơi điện tử công cộng
291,"Sửa đổi, bổ sung giấy chứng nhận đủ điều kiện hoạt động điểm cung cấp dịch vụ trò chơi điện tử công cộng"
292,Gia hạn giấy chứng nhận đủ điều kiện hoạt động điểm cung cấp dịch vụ trò chơi điện tử công cộng
293,Cấp lại giấy chứng nhận đủ điều kiện hoạt động điểm cung cấp dịch vụ trò chơi điện tử công cộng
294,Công nhận Ban quản trị nhà chung cư
295,Thẩm định thiết kế xây dựng triển khai sau thiết kế cơ sở/thiết kế xây dựng triển khai sau thiết kế cơ sở điều chỉnh
296,Thẩm định Báo cáo nghiên cứu khả thi đầu tư xây dựng/ Báo cáo nghiên cứu khả thi đầu tư xây dựng điều chỉnh
297,"Cấp giấy phép xây dựng mới đối với công trình cấp III, cấp IV (công trình Không theo tuyến/Theo tuyến trong đô thị/Tín ngưỡng, tôn giáo/Tượng đài, tranh hoành tráng/Theo giai đoạn cho công trình không theo tuyến/Theo giai đoạn cho công trình theo tuyến trong đô thị/Dự án) và Nhà ở riêng lẻ"
298,"Cấp giấy phép xây dựng sửa chữa, cải tạo đối với công trình cấp III, cấp IV (công trình Không theo tuyến/Theo tuyến trong đô thị/Tín ngưỡng, tôn giáo/Tượng đài, tranh hoành tráng/Theo giai đoạn cho công trình không theo tuyến/Theo giai đoạn cho công trình theo tuyến trong đô thị/Dự án) và Nhà ở riêng lẻ"
299,"Cấp giấy phép di dời đối với công trình cấp III, cấp IV (công trình Không theo tuyến/Theo tuyến trong đô thị/Tín ngưỡng, tôn giáo/Tượng đài, tranh hoành tráng/Theo giai đoạn cho công trình không theo tuyến/Theo giai đoạn cho công trình theo tuyến trong đô thị/Dự án) và Nhà ở riêng lẻ"
300,"Cấp điều chỉnh giấy phép xây dựng đối với công trình cấp III, cấp IV (công trình Không theo tuyến/Theo tuyến trong đô thị/Tín ngưỡng, tôn giáo/Tượng đài, tranh hoành tráng/Theo giai đoạn cho công trình không theo tuyến/Theo giai đoạn cho công trình theo tuyến trong đô thị/Dự án) và Nhà ở riêng lẻ"
301,"Gia hạn giấy phép xây dựng đối với công trình cấp III, cấp IV (công trình Không theo tuyến/Theo tuyến trong đô thị/Tín ngưỡng, tôn giáo/Tượng đài, tranh hoành tráng/Theo giai đoạn cho công trình không theo tuyến/Theo giai đoạn cho công trình theo tuyến trong đô thị/Dự án) và Nhà ở riêng lẻ"
302,"Cấp lại giấy phép xây dựng đối với công trình cấp III, cấp IV (công trình Không theo tuyến/Theo tuyến trong đô thị/Tín ngưỡng, tôn giáo/Tượng đài, tranh hoành tráng/Theo giai đoạn cho công trình không theo tuyến/Theo giai đoạn cho công trình theo tuyến trong đô thị/Dự án) và Nhà ở riêng lẻ"
303,Cung cấp thông tin về quy hoạch xây dựng thuộc thẩm quyền của UBND cấp huyện
304,"Thẩm định nhiệm vụ, nhiệm vụ điều chỉnh quy hoạch chi tiết của dự án đầu tư xây dựng công trình theo hình thức kinh doanh thuộc thẩm quyền phê duyệt của UBND cấp huyện"
305,"Thẩm định đồ án, đồ án điều chỉnh quy hoạch chi tiết của dự án đầu tư xây dựng công trình theo hình thức kinh doanh thuộc thẩm quyền phê duyệt của UBND cấp huyện"
306,Đăng ký phương tiện lần đầu đối với phương tiện chưa khai thác trên đường thủy nội địa.
307,Đăng ký phương tiện lần đầu đối với phương tiện đang khai thác trên đường thủy nội địa
308,Đăng ký lại phương tiện trong trường hợp chuyển từ cơ quan đăng ký khác sang cơ quan đăng ký phương tiện thủy nội địa
309,"Đăng ký lại phương tiện trong trường hợp phương tiện thay đổi tên, tính năng kỹ thuật"
310,Đăng ký lại phương tiện trong trường hợp chuyển quyền sở hữu phương tiện nhưng không thay đổi cơ quan đăng ký phương tiện
311,Đăng ký lại phương tiện trong trường hợp chuyển quyền sở hữu phương tiện đồng thời thay đổi cơ quan đăng ký phương tiện
312,Đăng ký lại phương tiện trong trường hợp chủ phương tiện thay đổi trụ sở hoặc nơi đăng ký hộ khẩu thường trú của chủ phương tiện sang đơn vị hành chính cấp tỉnh khác
313,"Cấp lại Giấy chứng nhận đăng ký phương tiện hoạt động vui chơi, giải trí dưới nước"
314,"Xóa đăng ký phương tiện hoạt động vui chơi, giải trí dưới nước"
315,"Đổi tên cảng, bến thủy nội địa, khu neo đậu"
316,"Gia hạn hoạt động cảng, bến thủy nội địa"
317,Thỏa thuận nâng cấp bến thủy nội địa thành cảng thủy nội địa
318,"Công bố đóng cảng, bến thủy nội địa"
319,Xác nhận trình báo đường thủy nội địa hoặc trình báo đường thủy nội địa bổ sung
320,"Đăng ký phương tiện hoạt động vui chơi, giải trí dưới nước lần đầu"
321,"Đăng ký lại phương tiện hoạt động vui chơi, giải trí dưới nước"
322,"Cấp lại Giấy chứng nhận đăng ký phương tiện hoạt động vui chơi, giải trí dưới nước"
323,"Xóa đăng ký phương tiện hoạt động vui chơi, giải trí dưới nước"
324,Thỏa thuận thông số kỹ thuật xây dựng bến thủy nội địa
325,"Thỏa thuận thông số kỹ thuật xây dựng bến khách ngang sông, bến thủy nội địa phục vụ thi công công trình chính"
326,Công bố hoạt động bến thủy nội địa
327,"Công bố hoạt động bến khách ngang sông, bến thủy nội địa phục vụ thi công công trình chính"
328,Công bố lại hoạt động bến thủy nội địa
329,"Công bố mở, cho phép hoạt động tại vùng nước khác không thuộc vùng nước trên tuyến đường thủy nội địa, vùng nước cảng biển hoặc khu vực hàng hải, được đánh dấu, xác định vị trí bằng phao hoặc cờ hiệu có màu sắc dễ quan sát"
330,"Đóng, không cho phép hoạt động tại vùng nước khác không thuộc vùng nước trên tuyến đường thủy nội địa, vùng nước cảng biển hoặc khu vực hàng hải, được đánh dấu, xác định vị trí bằng phao hoặc cờ hiệu có màu sắc dễ quan sát"
331,Chấp thuận vị trí đấu nối tạm vào đường bộ đang khai thác
332,Cấp Giấy phép nhập khẩu pháo hiệu hàng hải
333,"Chấp thuận vị trí, quy mô, kích thước, phương án tổ chức thi công biển quảng cáo, biển thông tin cổ động, tuyên truyền chính trị; chấp thuận xây dựng, lắp đặt công trình hạ tầng, công trình hạ tầng kỹ thuật sử dụng chung trong phạm vi bảo vệ kết cấu hạ tầng đường bộ; chấp thuận gia cường công trình đường bộ khi cần thiết để cho phép xe quá khổ giới hạn, xe quá tải trọng, xe bánh xích lưu hành trên đường bộ"
334,"Cấp phép sử dụng tạm thời lòng đường, vỉa hè vào mục đích khác"
335,"Cấp giấy chứng sinh đối với trường hợp trẻ được sinh ra ngoài cơ sở khám bệnh, chữa bệnh nhưng được cán bộ y tế hoặc cô đỡ thôn bản đỡ đẻ."
336,Đăng ký hoạt động đối với cơ sở trợ giúp xã hội dưới 10 đối tượng có hoàn cảnh khó khăn
337,Thủ tục hỗ trợ chi phí khuyến khích hỏa táng (TTHC đặc thù của TP do UBNDTP công bố)
338,Hỗ trợ chi phí mai táng cho đối tượng bảo trợ xã hội
339,"Xác định, xác định lại mức độ khuyết tật và cấp giấy xác nhận khuyết tật"
340,"Cấp đổi, cấp lại giấy xác nhận khuyết tật"
341,"Thực hiện, điều chỉnh, thôi hưởng trợ cấp xã hội hàng tháng, hỗ trợ kinh phí chăm sóc, nuôi dưỡng hàng tháng"
342,Tiếp nhận đối tượng bảo trợ xã hội có hoàn cảnh đặc biệt khó khăn vào cơ sở trợ giúp xã hội
343,"Thực hiện, điều chỉnh, tạm dừng, thôi hưởng trợ cấp sinh hoạt hàng tháng đối với nghệ nhân nhân dân, nghệ nhân ưu tú có thu nhập thấp, hoàn cảnh khó khăn"
344,"Hỗ trợ chi phí mai táng đối với nghệ nhân nhân dân, nghệ nhân ưu tú có thu nhập thấp, hoàn cảnh khó khăn"
345,Tiếp nhận đối tượng cần bảo vệ khẩn cấp vào cơ sở trợ giúp xã hội
346,"Thực hiện, điều chỉnh, thôi hưởng trợ cấp hưu trí xã hội"
347,Hỗ trợ chi phí mai táng đối với đối tượng hưởng trợ cấp hưu trí xã hội
348,"Chuyển trẻ em đang được chăm sóc thay thế tại cơ sở trợ giúp xã hội đến cá nhân, gia đình nhận chăm sóc thay thế"
349,Chấm dứt việc chăm sóc thay thế cho trẻ em
350,Áp dụng các biện pháp can thiệp khẩn cấp hoặc tạm thời cách ly trẻ em khỏi môi trường hoặc người gây tổn hại cho trẻ em
351,"Phê duyệt kế hoạch hỗ trợ, can thiệp đối với trẻ em bị xâm hại hoặc có nguy cơ bị bạo lực, bóc lột, bỏ rơi và trẻ em có hoàn cảnh đặc biệt"
352,"Đăng ký nhận chăm sóc thay thế cho trẻ em đối với cá nhân, người đại diện gia đình nhận chăm sóc thay thế không phải là người thân thích của trẻ em"
353,"Thông báo nhận chăm sóc thay thế cho trẻ em đối với cá nhân, người đại diện gia đình nhận chăm sóc thay thế là người thân thích của trẻ em"
354,"Hỗ trợ học văn hóa, học nghề, trợ cấp khó khăn ban đầu cho nạn nhân"
355,Thủ tục tiếp công dân cấp xã
356,Thủ tục giải quyết khiếu nại lần đầu cấp xã
357,Thủ tục giải quyết tố cáo tại cấp xã
358,Thủ tục xử lý đơn tại cấp xã
359,"Thủ tục kê khai tài sản, thu nhập"
360,Thủ tục tiếp nhận yêu cầu giải trình
361,Thủ tục thực hiện việc giải trình
362,"Đăng ký khai sinh, đăng ký thường trú, cấp thẻ bảo hiểm y tế cho trẻ em dưới 6 tuổi"
363,"Đăng ký khai tử, xóa đăng ký thường trú, giải quyết mai táng phí, tử tuất"
